book,author,publication date,language,book publisher,ISBN,BNB id
The Hidden Compass at Dawn,Priya Shah,2021,Italian,Dreamlight Press,0133890838,DBS2100001
The Shadow Galaxy of Tomorrow,Noah Bennett,2018,English,Northstar Books,5116155940,DBS1800002
The Burning Chronicle,Nina Patel,2023,German,Harbour House Books,9310341316,DBS2300003
The Lost Signal of the North,Leo Walker,2014,French,Dreamlight Press,8327648350,DBS1400004
The Last Dream Beyond the Sea,Anika Fernando,2013,German,Blue River Publishing,6724238849,DBS1300005
The Glass Tower at Dawn,Amelia Hart,2018,English,Dreamlight Press,6916697848,DBS1800006
The Hidden Chronicle,Ethan Clarke,2024,English,Dreamlight Press,7048281489,DBS2400007
The Lost Signal of Memory,Marcus Lee,2012,English,Dreamlight Press,4303911718,DBS1200008
The Broken Machine,Daniel Brooks,2023,English,Maple Gate Publishing,3465787133,DBS2300009
The Hidden Galaxy,Amelia Hart,2005,French,Dreamlight Press,,DBS0500010
The Emerald Voyage in the Rain,Maya Collins,2003,English,Maple Gate Publishing,7376311656,DBS0300011
The Last Chronicle Before Midnight,Jasper Cole,2017,English,Northstar Books,6247317810,DBS1700012
The Burning Kingdom,Jasper Cole,2022,English,Silver Oak Press,6026064746,DBS2200013
The Burning Machine in the Rain,Amelia Hart,2022,French,Dreamlight Press,0978820812,DBS2200014
The Silent Archive for a New World,Marcus Lee,2006,English,Silver Oak Press,8543534624,DBS0600015
The Silent Kingdom for a New World,Amelia Hart,2018,English,Northstar Books,1354278498,DBS1800016
The Burning Empire,Mila Foster,2000,English,Starlight Books,2449353487,DBS0000017
The Last Voyage,Amelia Hart,2013,English,Dreamlight Press,2786801128,DBS1300018
The Lost Galaxy,Amelia Hart,2003,English,Maple Gate Publishing,0533158692,DBS0300019
The Crimson Signal,Mila Foster,2025,English,Greenfield Publishing,6342160733,DBS2500020
The Shadow River of the North,Hugo Martin,2024,English,Northstar Books,,DBS2400021
The Lost Forest of Memory,Amelia Hart,2023,German,Northstar Books,4019655698,DBS2300022
The Glass Garden Before Midnight,Daniel Brooks,2008,Spanish,Greenfield Publishing,3561595148,DBS0800023
The Winter Dream in the Rain,Maya Collins,2015,French,Blue River Publishing,2994680443,DBS1500024
The Glass Lantern,Sofia Reed,2018,English,Silver Oak Press,2148951343,DBS1800025
The Broken Kingdom and Other Tales,Samira Khan,2024,English,Starlight Books,6763201632,DBS2400026
The Ancient Horizon of the North,Noah Bennett,2024,English,Silver Oak Press,8957986872,DBS2400027
The Starlit Horizon of the North,Ethan Clarke,2023,Spanish,Silver Oak Press,7143455812,DBS2300028
The Electric City : Volume 4,Lena Morris,2010,English,Dreamlight Press,6909670546,DBS1000029
The Winter Mirror,Elena Rossi,2024,English,Northstar Books,0656272980,DBS2400030
The Glass Galaxy : Volume 4,Noah Bennett,2025,English,Dreamlight Press,3755646417,DBS2500031
The Burning Library,Hugo Martin,2002,Spanish,Harbour House Books,3309232719,DBS0200032
The Shadow Compass,Elena Rossi,2025,Spanish,Dreamlight Press,4190496631,DBS2500033
The Crimson Chronicle,Priya Shah,2021,Spanish,Crimson Leaf Press,0586518506,DBS2100034
The Golden Promise,Isla Morgan,2024,French,Silver Oak Press,4987769453,DBS2400035
The Silent Compass,Lucas Turner,2024,English,Blue River Publishing,,DBS2400036
The Midnight Machine in the Rain,Mila Foster,2024,French,Northstar Books,,DBS2400037
The Silent Archive,Samira Khan,2025,French,Harbour House Books,0143634957,DBS2500038
The Lost Promise,Lena Morris,2020,English,Blue River Publishing,3518233749,DBS2000039
The Ancient Lantern Beyond the Sea,Ethan Clarke,2025,English,Blue River Publishing,2400842710,DBS2500040
The Starlit Machine at Dawn,Maya Collins,2020,German,Dreamlight Press,,DBS2000041
The Glass Library for a New World,Amelia Hart,2019,English,Moonstone Media,9938677496,DBS1900042
The Iron Library,Anika Fernando,2015,English,Northstar Books,2328120679,DBS1500043
The Last Archive in the Rain,Lucas Turner,2019,French,Maple Gate Publishing,9361832421,DBS1900044
The Infinite Lantern,Ethan Clarke,2005,English,Greenfield Publishing,4887719065,DBS0500045
The Hidden Voyage of the Deep,Marcus Lee,2021,Tamil,Vertex Press,4902787429,DBS2100046
The Starlit Voyage under the Stars,Priya Shah,2018,German,Blue River Publishing,4680715451,DBS1800047
The Electric Forest : Volume 4,Oliver Grant,2025,English,Blue River Publishing,7034824771,DBS2500048
The Iron Archive,Amelia Hart,2003,English,Northstar Books,1712748467,DBS0300049
The Crimson Horizon,Ravi Perera,2025,English,Starlight Books,4658404499,DBS2500050
The Starlit City and Other Tales,Nina Patel,2025,English,Silver Oak Press,3396360576,DBS2500051
The Broken Machine,Anika Fernando,2017,English,Dreamlight Press,1870262174,DBS1700052
The Electric Voyage,Jasper Cole,2016,English,Blue River Publishing,7809134316,DBS1600053
The Golden Horizon in the Rain,Amelia Hart,2025,Spanish,Blue River Publishing,2386922219,DBS2500054
The Iron Archive for a New World,Lucas Turner,2024,English,Northstar Books,,DBS2400055
The Infinite Mirror and Other Tales,Kai Wilson,2024,English,Maple Gate Publishing,7436713695,DBS2400056
The Infinite Kingdom,Ethan Clarke,2020,English,Greenfield Publishing,0974395339,DBS2000057
The Broken Chronicle,Ethan Clarke,2013,English,Moonstone Media,1456232858,DBS1300058
The Forgotten Signal and Other Tales,Ethan Clarke,2019,German,Crimson Leaf Press,1236851604,DBS1900059
The Shadow River,Marcus Lee,2020,German,Maple Gate Publishing,,DBS2000060
The Hidden Lantern,Ravi Perera,2013,English,Dreamlight Press,4612004711,DBS1300061
The Burning City of Lost Stories,Chloe Evans,2013,Tamil,Silver Oak Press,2617964053,DBS1300062
The Crimson River of the Deep,Mila Foster,2018,English,Dreamlight Press,1713900532,DBS1800063
The Secret Voyage,Marcus Lee,2023,Spanish,Northstar Books,9042284210,DBS2300064
The Lost Archive : Volume 3,Amelia Hart,2009,Spanish,Moonstone Media,7758917839,DBS0900065
The Ancient Empire of Tomorrow : Volume 4,Jasper Cole,2004,English,Dreamlight Press,7115921249,DBS0400066
The Burning Dream for a New World,Lucas Turner,2021,English,Dreamlight Press,8367365766,DBS2100067
The Emerald Promise in the Rain,Noah Bennett,2023,Tamil,Dreamlight Press,1615280988,DBS2300068
The Golden Promise of the Deep,Sofia Reed,2015,Italian,Dreamlight Press,4519832731,DBS1500069
The Burning River in the Rain,Theo Adams,2016,German,Vertex Press,9809402445,DBS1600070
The Midnight City,Noah Bennett,2016,English,Dreamlight Press,3667525459,DBS1600071
The Last City for a New World : Volume 1,Ethan Clarke,2021,French,Silver Oak Press,4381561497,DBS2100072
The Infinite Library for a New World : Volume 2,Ethan Clarke,2020,English,Dreamlight Press,5107622683,DBS2000073
The Lost Voyage Before Midnight : Volume 1,Lucas Turner,2019,English,Blue River Publishing,6641605297,DBS1900074
The Lost Voyage Beyond the Sea,Marcus Lee,2024,English,Blue River Publishing,5352181883,DBS2400075
The Lost River,Theo Adams,2025,English,Dreamlight Press,9212779979,DBS2500076
The Iron Dream,Noah Bennett,2022,English,Silver Oak Press,4905814770,DBS2200077
The Infinite Voyage,Amelia Hart,2005,English,Blue River Publishing,0793597820,DBS0500078
The Emerald Voyage at Dawn : Volume 4,Kai Wilson,2018,English,Harbour House Books,4665905151,DBS1800079
The Electric Empire of the Deep,Elena Rossi,2020,English,Dreamlight Press,5462914865,DBS2000080
The Ancient Voyage,Lena Morris,2024,English,Northstar Books,7332214188,DBS2400081
The Ancient Library,Elena Rossi,2024,English,Dreamlight Press,9270653794,DBS2400082
The Shadow Archive in the Rain,Samira Khan,2023,Italian,Northstar Books,9774688623,DBS2300083
The Broken Compass and Other Tales,Nina Patel,2023,English,Aurora Editions,4124782613,DBS2300084
The Lost Kingdom under the Stars,Maya Collins,2024,Sinhala,Blue River Publishing,,DBS2400085
The Emerald City in the Rain,Lucas Turner,2025,German,Crimson Leaf Press,9010432898,DBS2500086
The Infinite Archive of Tomorrow,Hugo Martin,2018,English,Dreamlight Press,7980893246,DBS1800087
The Lost Archive,Priya Shah,2000,English,Blue River Publishing,8888067065,DBS0000088
The Hidden River,Chloe Evans,2013,English,Crimson Leaf Press,5205852772,DBS1300089
The Silent Horizon of the North : Volume 2,Mila Foster,2024,English,Blue River Publishing,8740345054,DBS2400090
The Lost Promise,Mila Foster,2009,English,Vertex Press,7584161692,DBS0900091
The Emerald Chronicle of the Deep,Sofia Reed,2020,French,Northstar Books,7059640165,DBS2000092
The Midnight Kingdom for a New World,Sofia Reed,2019,English,Northstar Books,5690927557,DBS1900093
The Glass City under the Stars,Ethan Clarke,2023,Sinhala,Dreamlight Press,8681447394,DBS2300094
The Starlit Garden Beyond the Sea,Mila Foster,2022,English,Dreamlight Press,5518844225,DBS2200095
The Golden Garden,Ava Mitchell,2019,English,Moonstone Media,8291146786,DBS1900096
The Glass Voyage of Lost Stories,Lucas Turner,2023,French,Blue River Publishing,8922680182,DBS2300097
The Midnight Dream,Anika Fernando,2015,English,Northstar Books,,DBS1500098
The Burning Compass in the Rain,Noah Bennett,2011,English,Moonstone Media,2995900109,DBS1100099
The Secret Galaxy of the Deep : Volume 3,Hugo Martin,2014,English,Northstar Books,6471027677,DBS1400100
The Iron City Before Midnight,Kai Wilson,2012,English,Blue River Publishing,8815371473,DBS1200101
The Last Empire,Sofia Reed,2009,Sinhala,Starlight Books,9532787747,DBS0900102
The Electric Forest of the North,Lena Morris,2002,English,Silver Oak Press,7480162456,DBS0200103
The Electric Library,Nina Patel,2016,English,Silver Oak Press,4991216558,DBS1600104
The Broken Garden,Amelia Hart,2025,English,Greenfield Publishing,8729825952,DBS2500105
The Iron Empire,Daniel Brooks,2017,English,Moonstone Media,0551694097,DBS1700106
The Glass Galaxy of Tomorrow,Noah Bennett,2014,English,Harbour House Books,2309130756,DBS1400107
The Secret Promise for a New World,Jasper Cole,2010,French,Dreamlight Press,3857865278,DBS1000108
The Lost Compass,Maya Collins,2016,English,Northstar Books,4437575844,DBS1600109
The Burning Tower,Lena Morris,2008,Spanish,Dreamlight Press,,DBS0800110
The Silent River,Chloe Evans,2025,English,Aurora Editions,8421993308,DBS2500111
The Crimson Library of Lost Stories,Noah Bennett,2012,Spanish,Dreamlight Press,2677345401,DBS1200112
The Crimson Mirror,Amelia Hart,2022,Tamil,Silver Oak Press,0672400499,DBS2200113
The Emerald Empire of the Deep,Ava Mitchell,2008,Tamil,Aurora Editions,3152742054,DBS0800114
The Secret Signal,Oliver Grant,2020,English,Blue River Publishing,1227530463,DBS2000115
The Forgotten Dream Before Midnight,Ethan Clarke,2018,English,Northstar Books,7426841459,DBS1800116
The Broken Machine Before Midnight,Lena Morris,2012,French,Starlight Books,3391878519,DBS1200117
The Burning Forest of Memory,Lena Morris,2008,English,Dreamlight Press,9718707286,DBS0800118
The Last Mirror in the Rain,Oliver Grant,2018,Spanish,Crimson Leaf Press,0651801704,DBS1800119
The Broken Promise under the Stars,Ravi Perera,2017,English,Dreamlight Press,8251286823,DBS1700120
The Hidden Empire Before Midnight,Daniel Brooks,2024,German,Northstar Books,4310690331,DBS2400121
The Last Horizon,Amelia Hart,2007,Spanish,Blue River Publishing,3028439599,DBS0700122
The Emerald Archive at Dawn,Daniel Brooks,2023,English,Northstar Books,9268705685,DBS2300123
The Winter City at Dawn,Lucas Turner,2022,German,Blue River Publishing,7086688263,DBS2200124
The Emerald Voyage,Noah Bennett,2014,French,Northstar Books,9901398373,DBS1400125
The Emerald Empire : Volume 2,Anika Fernando,2024,English,Vertex Press,3936385467,DBS2400126
The Lost Empire of Memory,Lucas Turner,2020,Spanish,Greenfield Publishing,5355609320,DBS2000127
The Glass Galaxy,Maya Collins,2014,English,Moonstone Media,8547772522,DBS1400128
The Starlit Signal,Hugo Martin,2023,English,Dreamlight Press,0062312038,DBS2300129
The Last Lantern,Ravi Perera,2018,French,Dreamlight Press,6008484086,DBS1800130
The Midnight Chronicle,Maya Collins,2024,English,Northstar Books,6156793341,DBS2400131
The Last Voyage under the Stars,Amelia Hart,2022,English,Northstar Books,6591803397,DBS2200132
The Silent Compass,Amelia Hart,2014,Tamil,Blue River Publishing,9261429396,DBS1400133
The Burning Dream Before Midnight,Kai Wilson,2022,French,Silver Oak Press,0163159996,DBS2200134
The Emerald Kingdom,Lucas Turner,2025,English,Moonstone Media,2961943114,DBS2500135
The Broken Tower Beyond the Sea : Volume 3,Sofia Reed,2010,Spanish,Dreamlight Press,,DBS1000136
The Burning Mirror Beyond the Sea : Volume 3,Nina Patel,2018,English,Crimson Leaf Press,0466183982,DBS1800137
The Midnight City in the Rain,Amelia Hart,2022,English,Silver Oak Press,1543799371,DBS2200138
The Hidden Tower for a New World,Jasper Cole,2009,English,Silver Oak Press,9245937526,DBS0900139
The Infinite Machine,Lena Morris,2025,English,Crimson Leaf Press,9398280737,DBS2500140
The Silent Promise,Ethan Clarke,2023,English,Dreamlight Press,6179796886,DBS2300141
The Lost Mirror,Noah Bennett,2020,English,Harbour House Books,9096561014,DBS2000142
The Ancient Mirror,Sofia Reed,2012,English,Crimson Leaf Press,8250714611,DBS1200143
The Broken River and Other Tales,Daniel Brooks,2024,English,Dreamlight Press,7514010512,DBS2400144
The Crimson Forest at Dawn,Sofia Reed,2025,English,Crimson Leaf Press,2660937966,DBS2500145
The Secret Garden Before Midnight,Amelia Hart,2000,English,Starlight Books,5371478596,DBS0000146
The Glass Chronicle and Other Tales,Theo Adams,2021,French,Blue River Publishing,1251341252,DBS2100147
The Winter Lantern under the Stars,Ava Mitchell,2019,English,Starlight Books,2827422579,DBS1900148
The Lost Kingdom of the North,Anika Fernando,2005,English,Silver Oak Press,6772190340,DBS0500149
The Burning Empire and Other Tales,Samira Khan,2014,English,Silver Oak Press,4858078361,DBS1400150
The Crimson Empire : Volume 3,Lena Morris,2023,Spanish,Silver Oak Press,3395962923,DBS2300151
The Last Galaxy in the Rain,Noah Bennett,2024,Sinhala,Blue River Publishing,8126042232,DBS2400152
The Crimson Tower for a New World,Elena Rossi,2022,English,Dreamlight Press,1684577590,DBS2200153
The Silent Horizon,Jasper Cole,2024,Spanish,Blue River Publishing,3745458929,DBS2400154
The Emerald Library of the Deep,Lucas Turner,2024,English,Aurora Editions,0632424154,DBS2400155
The Midnight Library in the Rain,Samira Khan,2006,English,Dreamlight Press,,DBS0600156
The Silent City,Sofia Reed,2012,English,Blue River Publishing,6271361115,DBS1200157
The Infinite City at Dawn,Priya Shah,2016,English,Moonstone Media,2753269731,DBS1600158
The Broken Chronicle,Anika Fernando,2025,English,Dreamlight Press,1389994043,DBS2500159
The Ancient Garden,Amelia Hart,2019,Italian,Maple Gate Publishing,1379180552,DBS1900160
The Glass Promise of the Deep,Lucas Turner,2017,Sinhala,Dreamlight Press,0430068486,DBS1700161
The Electric Voyage,Noah Bennett,2018,English,Dreamlight Press,2856914630,DBS1800162
The Winter Chronicle for a New World : Volume 2,Noah Bennett,2013,French,Greenfield Publishing,5884252410,DBS1300163
The Winter Compass in the Rain,Marcus Lee,2016,English,Silver Oak Press,7925241913,DBS1600164
The Hidden Library : Volume 1,Lucas Turner,2023,English,Dreamlight Press,0863536541,DBS2300165
The Golden Forest : Volume 2,Theo Adams,2020,Sinhala,Maple Gate Publishing,,DBS2000166
The Infinite Empire of Memory,Lena Morris,2019,English,Crimson Leaf Press,3759738320,DBS1900167
The Hidden Archive of the Deep,Mila Foster,2025,Tamil,Dreamlight Press,4138367024,DBS2500168
The Crimson Forest of Lost Stories,Chloe Evans,2007,English,Silver Oak Press,6199062344,DBS0700169
The Electric Dream in the Rain,Anika Fernando,2024,English,Crimson Leaf Press,,DBS2400170
The Shadow Horizon Beyond the Sea,Anika Fernando,2008,English,Blue River Publishing,1124903521,DBS0800171
The Lost Tower of the Deep,Isla Morgan,2022,English,Maple Gate Publishing,8831712100,DBS2200172
The Crimson City under the Stars,Elena Rossi,2024,English,Moonstone Media,1013721510,DBS2400173
The Last Signal,Chloe Evans,2025,English,Blue River Publishing,5324472099,DBS2500174
The Infinite Machine of Memory,Amelia Hart,2021,English,Silver Oak Press,8380657875,DBS2100175
The Ancient Dream at Dawn : Volume 2,Amelia Hart,2025,Spanish,Northstar Books,7859321334,DBS2500176
The Last Archive,Oliver Grant,2020,Tamil,Vertex Press,3955905992,DBS2000177
The Secret Machine at Dawn,Amelia Hart,2020,English,Northstar Books,0593252500,DBS2000178
The Broken Chronicle,Anika Fernando,2010,English,Maple Gate Publishing,1545226752,DBS1000179
The Burning Lantern,Marcus Lee,2022,English,Blue River Publishing,2209690295,DBS2200180
The Iron Archive,Ava Mitchell,2025,English,Dreamlight Press,5215704331,DBS2500181
The Golden Kingdom and Other Tales,Anika Fernando,2016,Italian,Silver Oak Press,8617932710,DBS1600182
The Emerald Compass : Volume 2,Mila Foster,2015,English,Dreamlight Press,1599706296,DBS1500183
The Golden Dream of the North,Nina Patel,2010,Tamil,Moonstone Media,4310698720,DBS1000184
The Winter Voyage of the Deep,Ava Mitchell,2016,English,Northstar Books,1714677418,DBS1600185
The Lost Tower and Other Tales : Volume 4,Lucas Turner,2017,English,Northstar Books,,DBS1700186
The Golden Voyage,Oliver Grant,2023,Spanish,Northstar Books,,DBS2300187
The Ancient Promise,Ravi Perera,2017,English,Northstar Books,6089899217,DBS1700188
The Midnight Garden,Sofia Reed,2011,Sinhala,Silver Oak Press,2945116868,DBS1100189
The Forgotten Forest of Tomorrow,Elena Rossi,2015,English,Silver Oak Press,2999119148,DBS1500190
The Winter Compass and Other Tales,Lucas Turner,2024,English,Blue River Publishing,6065307450,DBS2400191
The Infinite Empire and Other Tales,Priya Shah,2016,Sinhala,Northstar Books,7546913736,DBS1600192
The Ancient River,Noah Bennett,2023,English,Silver Oak Press,8902330307,DBS2300193
The Lost Garden and Other Tales,Hugo Martin,2005,English,Dreamlight Press,9727985524,DBS0500194
The Silent Empire of Tomorrow,Marcus Lee,2023,Sinhala,Aurora Editions,3468007229,DBS2300195
The Crimson Compass,Leo Walker,2023,French,Northstar Books,5743748969,DBS2300196
The Ancient River,Ethan Clarke,2007,French,Silver Oak Press,4544432830,DBS0700197
The Iron Tower,Leo Walker,2024,French,Vertex Press,6660993538,DBS2400198
The Starlit River at Dawn,Jasper Cole,2021,English,Dreamlight Press,4825135346,DBS2100199
The Emerald River in the Rain,Noah Bennett,2023,English,Harbour House Books,9173816846,DBS2300200
The Broken City,Kai Wilson,2005,Italian,Vertex Press,2175250074,DBS0500201
The Midnight Galaxy,Samira Khan,2012,English,Harbour House Books,6676008350,DBS1200202
The Ancient Garden of Tomorrow,Maya Collins,2024,French,Blue River Publishing,6894210447,DBS2400203
The Iron Forest of the Deep,Lena Morris,2023,Italian,Blue River Publishing,6033230982,DBS2300204
The Last Tower,Daniel Brooks,2009,English,Vertex Press,0016761847,DBS0900205
The Secret Kingdom of the Deep,Daniel Brooks,2022,English,Greenfield Publishing,1891411739,DBS2200206
The Forgotten Forest,Oliver Grant,2012,English,Moonstone Media,7530011972,DBS1200207
The Ancient Voyage,Ethan Clarke,2025,English,Vertex Press,7012045561,DBS2500208
The Last Kingdom,Noah Bennett,2007,English,Silver Oak Press,1552166746,DBS0700209
The Starlit Promise,Noah Bennett,2022,French,Dreamlight Press,2169797296,DBS2200210
The Iron Kingdom,Chloe Evans,2023,Italian,Silver Oak Press,6701450899,DBS2300211
The Emerald Forest Before Midnight,Sofia Reed,2012,French,Silver Oak Press,6289002877,DBS1200212
The Silent Machine of Lost Stories,Amelia Hart,2024,English,Harbour House Books,3177971775,DBS2400213
The Starlit Kingdom under the Stars : Volume 1,Isla Morgan,2008,Spanish,Maple Gate Publishing,8837550375,DBS0800214
The Iron Lantern of the Deep,Lucas Turner,2020,English,Harbour House Books,,DBS2000215
The Infinite Mirror Before Midnight,Mila Foster,2016,English,Aurora Editions,6149331637,DBS1600216
The Secret Dream under the Stars : Volume 1,Samira Khan,2024,English,Harbour House Books,2708086978,DBS2400217
The Midnight Galaxy at Dawn,Hugo Martin,2023,English,Blue River Publishing,6934654722,DBS2300218
The Ancient Empire,Ethan Clarke,2017,French,Moonstone Media,3945228851,DBS1700219
The Burning Machine,Leo Walker,2023,French,Starlight Books,6081062003,DBS2300220
The Midnight Empire,Amelia Hart,2014,Spanish,Northstar Books,5719838638,DBS1400221
The Infinite Library,Anika Fernando,2023,Sinhala,Blue River Publishing,0439735989,DBS2300222
The Secret Empire of the Deep : Volume 2,Chloe Evans,2011,English,Dreamlight Press,4229405720,DBS1100223
The Emerald Lantern of the Deep,Priya Shah,2010,English,Moonstone Media,5832818268,DBS1000224
The Silent River of the North,Lena Morris,2020,English,Maple Gate Publishing,7801573993,DBS2000225
The Emerald Tower,Oliver Grant,2025,English,Northstar Books,5887704358,DBS2500226
The Golden Signal,Daniel Brooks,2006,English,Northstar Books,3613861207,DBS0600227
The Last Voyage at Dawn,Nina Patel,2022,English,Northstar Books,6766506180,DBS2200228
The Iron Voyage,Leo Walker,2021,English,Maple Gate Publishing,,DBS2100229
The Infinite Lantern and Other Tales,Isla Morgan,2023,English,Northstar Books,6842450882,DBS2300230
The Hidden Galaxy,Anika Fernando,2009,English,Crimson Leaf Press,5368222394,DBS0900231
The Midnight Galaxy,Ravi Perera,2011,Sinhala,Silver Oak Press,4141397552,DBS1100232
The Crimson Chronicle Beyond the Sea,Ethan Clarke,2022,English,Harbour House Books,9299556205,DBS2200233
The Crimson Promise of Lost Stories,Chloe Evans,2013,German,Silver Oak Press,4781291428,DBS1300234
The Silent Voyage,Hugo Martin,2011,Spanish,Moonstone Media,3084887256,DBS1100235
The Glass Empire of Memory,Oliver Grant,2012,English,Harbour House Books,9282722992,DBS1200236
The Starlit River and Other Tales,Ethan Clarke,2023,English,Harbour House Books,5677005184,DBS2300237
The Forgotten Galaxy at Dawn,Lena Morris,2024,English,Starlight Books,,DBS2400238
The Crimson Forest of Lost Stories,Ava Mitchell,2013,English,Silver Oak Press,2318432225,DBS1300239
The Golden Archive of Lost Stories,Ava Mitchell,2021,English,Northstar Books,6030299228,DBS2100240
The Glass City in the Rain,Daniel Brooks,2004,English,Vertex Press,4137977236,DBS0400241
The Glass Signal,Noah Bennett,2021,French,Maple Gate Publishing,1366210388,DBS2100242
The Broken Lantern and Other Tales,Marcus Lee,2022,German,Moonstone Media,1729806865,DBS2200243
The Ancient Promise and Other Tales,Lena Morris,2024,English,Greenfield Publishing,9162473149,DBS2400244
The Winter Compass Before Midnight,Amelia Hart,2024,English,Moonstone Media,3565126944,DBS2400245
The Winter Galaxy in the Rain,Oliver Grant,2024,English,Moonstone Media,2588744956,DBS2400246
The Golden Archive Before Midnight,Noah Bennett,2023,English,Crimson Leaf Press,9026012796,DBS2300247
The Forgotten Archive for a New World : Volume 4,Ravi Perera,2007,English,Harbour House Books,9027703843,DBS0700248
The Iron Forest of the North,Priya Shah,2003,English,Harbour House Books,1465669380,DBS0300249
The Silent Voyage Before Midnight,Ravi Perera,2023,English,Maple Gate Publishing,9376904268,DBS2300250
The Silent Forest Beyond the Sea,Anika Fernando,2008,German,Aurora Editions,7697357790,DBS0800251
The Forgotten Voyage of the North,Maya Collins,2019,English,Maple Gate Publishing,0434165182,DBS1900252
The Lost Garden,Anika Fernando,2019,French,Starlight Books,3334333395,DBS1900253
The Golden Chronicle,Priya Shah,2010,English,Crimson Leaf Press,0759579472,DBS1000254
The Ancient Compass for a New World,Daniel Brooks,2025,English,Maple Gate Publishing,,DBS2500255
The Midnight Horizon,Lucas Turner,2016,French,Dreamlight Press,9155942843,DBS1600256
The Iron Dream and Other Tales,Sofia Reed,2014,Spanish,Blue River Publishing,7292931438,DBS1400257
The Electric Garden Before Midnight,Theo Adams,2018,English,Silver Oak Press,8857448906,DBS1800258
The Midnight Library in the Rain,Elena Rossi,2007,English,Blue River Publishing,8845061593,DBS0700259
The Burning Signal,Lena Morris,2021,English,Crimson Leaf Press,1694722569,DBS2100260
The Silent Voyage of the North,Hugo Martin,2020,French,Harbour House Books,7598762202,DBS2000261
The Forgotten Voyage under the Stars,Amelia Hart,2023,German,Moonstone Media,,DBS2300262
The Silent Chronicle at Dawn : Volume 4,Ethan Clarke,2017,English,Northstar Books,2820055778,DBS1700263
The Burning Horizon Before Midnight,Marcus Lee,2025,English,Crimson Leaf Press,6884578317,DBS2500264
The Winter Compass of Tomorrow : Volume 2,Lena Morris,2015,English,Dreamlight Press,7406493085,DBS1500265
The Burning Promise at Dawn,Hugo Martin,2011,German,Northstar Books,,DBS1100266
The Ancient Lantern,Ethan Clarke,2021,Spanish,Crimson Leaf Press,1224179749,DBS2100267
The Emerald Kingdom of Memory : Volume 1,Ethan Clarke,2019,English,Silver Oak Press,,DBS1900268
The Hidden Machine under the Stars,Theo Adams,2007,Sinhala,Silver Oak Press,5120461872,DBS0700269
The Forgotten Tower,Samira Khan,2011,English,Crimson Leaf Press,0371837645,DBS1100270
The Last Mirror in the Rain,Ethan Clarke,2010,English,Dreamlight Press,1365024916,DBS1000271
The Hidden Library,Priya Shah,2023,English,Crimson Leaf Press,7195005281,DBS2300272
The Crimson Dream,Samira Khan,2009,Spanish,Silver Oak Press,6524077848,DBS0900273
The Secret Galaxy of Lost Stories,Lucas Turner,2022,German,Moonstone Media,2182744857,DBS2200274
The Ancient Tower,Elena Rossi,2000,English,Harbour House Books,1863878294,DBS0000275
The Emerald Chronicle of the Deep : Volume 2,Maya Collins,2015,English,Dreamlight Press,0967899405,DBS1500276
The Silent Kingdom,Ava Mitchell,2012,Italian,Dreamlight Press,0586509480,DBS1200277
The Infinite Voyage,Noah Bennett,2023,French,Moonstone Media,8392886195,DBS2300278
The Winter Chronicle at Dawn,Ava Mitchell,2022,French,Moonstone Media,5585566593,DBS2200279
The Secret Tower,Ethan Clarke,2020,Sinhala,Silver Oak Press,0490824043,DBS2000280
The Emerald Kingdom,Isla Morgan,2012,Italian,Moonstone Media,9210752245,DBS1200281
The Crimson Archive in the Rain : Volume 4,Nina Patel,2024,English,Dreamlight Press,7279194096,DBS2400282
The Last Dream under the Stars,Jasper Cole,2006,German,Northstar Books,9060480589,DBS0600283
The Ancient Archive of the Deep,Oliver Grant,2010,English,Moonstone Media,3646225179,DBS1000284
The Burning Tower under the Stars,Samira Khan,2023,English,Dreamlight Press,7693898331,DBS2300285
The Winter Dream,Noah Bennett,2014,English,Blue River Publishing,5904259792,DBS1400286
The Crimson Garden,Chloe Evans,2018,English,Greenfield Publishing,9240514770,DBS1800287
The Burning Garden of Memory,Nina Patel,2016,English,Vertex Press,0698042043,DBS1600288
The Iron Compass of the Deep,Amelia Hart,2023,French,Harbour House Books,5104636815,DBS2300289
The Iron Mirror of the North,Lucas Turner,2019,Tamil,Dreamlight Press,8457620555,DBS1900290
The Crimson Forest of Tomorrow,Mila Foster,2021,Italian,Aurora Editions,,DBS2100291
The Forgotten Archive under the Stars,Amelia Hart,2020,English,Maple Gate Publishing,3639264957,DBS2000292
The Secret City,Maya Collins,2020,English,Greenfield Publishing,2629251881,DBS2000293
The Broken Kingdom,Oliver Grant,2011,English,Silver Oak Press,4231220994,DBS1100294
The Iron Archive,Amelia Hart,2021,English,Crimson Leaf Press,9752677223,DBS2100295
The Winter Kingdom,Maya Collins,2012,French,Northstar Books,2797573660,DBS1200296
The Electric Dream Before Midnight,Daniel Brooks,2021,English,Greenfield Publishing,,DBS2100297
The Shadow Library,Daniel Brooks,2008,Sinhala,Dreamlight Press,0347644726,DBS0800298
The Last Forest,Hugo Martin,2015,English,Silver Oak Press,9826657027,DBS1500299
The Secret Horizon of Lost Stories,Mila Foster,2021,Spanish,Greenfield Publishing,1751868926,DBS2100300
The Last Signal,Hugo Martin,2020,English,Starlight Books,0644742123,DBS2000301
The Forgotten Kingdom and Other Tales,Amelia Hart,2000,Italian,Northstar Books,7767199038,DBS0000302
The Burning Garden at Dawn : Volume 3,Amelia Hart,2014,German,Harbour House Books,4510162249,DBS1400303
The Iron Galaxy,Lucas Turner,2022,English,Maple Gate Publishing,,DBS2200304
The Lost Tower,Isla Morgan,2015,English,Silver Oak Press,4586833901,DBS1500305
The Ancient Voyage Before Midnight,Theo Adams,2020,French,Silver Oak Press,4899529978,DBS2000306
The Starlit Machine,Maya Collins,2023,English,Northstar Books,,DBS2300307
The Golden Garden,Oliver Grant,2019,English,Moonstone Media,0344144885,DBS1900308
The Golden Dream Before Midnight,Anika Fernando,2023,German,Northstar Books,7702727857,DBS2300309
The Winter Library,Chloe Evans,2023,English,Moonstone Media,5512405682,DBS2300310
The Electric Signal,Chloe Evans,2020,French,Blue River Publishing,,DBS2000311
The Starlit Archive in the Rain,Ethan Clarke,2017,English,Crimson Leaf Press,1780782357,DBS1700312
The Ancient Empire,Jasper Cole,2023,German,Maple Gate Publishing,2307681040,DBS2300313
The Iron Voyage of Tomorrow,Samira Khan,2022,Spanish,Dreamlight Press,3533448571,DBS2200314
The Midnight Compass for a New World,Noah Bennett,2014,English,Moonstone Media,4932149587,DBS1400315
The Hidden Machine : Volume 4,Amelia Hart,2005,English,Northstar Books,9795453817,DBS0500316
The Silent Horizon in the Rain,Leo Walker,2020,English,Northstar Books,9456255770,DBS2000317
The Golden River at Dawn,Lena Morris,2005,English,Silver Oak Press,1581487696,DBS0500318
The Crimson Mirror and Other Tales,Lena Morris,2013,Spanish,Moonstone Media,6958321971,DBS1300319
The Shadow Dream,Noah Bennett,2021,Tamil,Dreamlight Press,,DBS2100320
The Electric Dream of the Deep : Volume 2,Isla Morgan,2024,Italian,Starlight Books,0227846997,DBS2400321
The Emerald Empire,Ethan Clarke,2011,Tamil,Silver Oak Press,5190986240,DBS1100322
The Burning Library of Memory,Lena Morris,2017,German,Aurora Editions,9656666832,DBS1700323
The Secret Mirror of Lost Stories,Noah Bennett,2019,Sinhala,Harbour House Books,1027621267,DBS1900324
The Iron Promise,Sofia Reed,2024,German,Blue River Publishing,6909738468,DBS2400325
The Last Library,Noah Bennett,2021,English,Greenfield Publishing,8478189137,DBS2100326
The Silent Mirror,Amelia Hart,2021,English,Crimson Leaf Press,8795654420,DBS2100327
The Iron Empire,Amelia Hart,2022,English,Northstar Books,,DBS2200328
The Iron Kingdom Beyond the Sea,Amelia Hart,2025,Spanish,Northstar Books,4401929275,DBS2500329
The Forgotten Archive of Memory,Lena Morris,2024,English,Dreamlight Press,2766372395,DBS2400330
The Forgotten Chronicle and Other Tales,Ethan Clarke,2005,Spanish,Crimson Leaf Press,6674286047,DBS0500331
The Emerald Forest : Volume 3,Anika Fernando,2017,English,Starlight Books,5441496739,DBS1700332
The Ancient Dream,Ethan Clarke,2023,English,Dreamlight Press,,DBS2300333
The Ancient Chronicle,Chloe Evans,2017,English,Dreamlight Press,0939111926,DBS1700334
The Glass Signal,Maya Collins,2022,English,Maple Gate Publishing,4654214066,DBS2200335
The Last Compass,Sofia Reed,2016,English,Maple Gate Publishing,2712863917,DBS1600336
The Golden Library for a New World,Samira Khan,2022,English,Silver Oak Press,0064256908,DBS2200337
The Starlit Machine Before Midnight,Theo Adams,2022,English,Dreamlight Press,7198554601,DBS2200338
The Emerald Voyage,Ethan Clarke,2016,English,Moonstone Media,3461571732,DBS1600339
The Hidden Galaxy under the Stars : Volume 3,Ava Mitchell,2003,Sinhala,Aurora Editions,0050506138,DBS0300340
The Burning City,Amelia Hart,2018,French,Silver Oak Press,,DBS1800341
The Iron Library of the Deep,Noah Bennett,2025,English,Blue River Publishing,7929111799,DBS2500342
The Secret Promise Before Midnight,Lena Morris,2012,Sinhala,Moonstone Media,3092511426,DBS1200343
The Lost Mirror of the North,Amelia Hart,2010,English,Aurora Editions,2071002194,DBS1000344
The Starlit City of the Deep,Lucas Turner,2018,English,Northstar Books,9279145608,DBS1800345
The Golden Forest,Jasper Cole,2013,Sinhala,Silver Oak Press,3403127722,DBS1300346
The Last Library,Sofia Reed,2022,English,Crimson Leaf Press,0108220781,DBS2200347
The Crimson Horizon,Maya Collins,2006,French,Blue River Publishing,5313636317,DBS0600348
The Last Promise for a New World,Oliver Grant,2021,English,Greenfield Publishing,4352090421,DBS2100349
The Shadow Promise of Lost Stories,Ethan Clarke,2024,English,Crimson Leaf Press,2983168739,DBS2400350
The Shadow Compass under the Stars,Maya Collins,2019,English,Moonstone Media,9290600780,DBS1900351
The Electric Machine,Noah Bennett,2018,English,Dreamlight Press,6325431074,DBS1800352
The Shadow Galaxy : Volume 4,Lucas Turner,2010,English,Greenfield Publishing,5701658046,DBS1000353
The Iron Mirror,Priya Shah,2023,English,Blue River Publishing,8501657905,DBS2300354
The Burning Voyage,Noah Bennett,2016,English,Moonstone Media,9335548640,DBS1600355
The Lost Horizon of Memory,Lucas Turner,2005,English,Aurora Editions,7951371162,DBS0500356
The Silent Chronicle Beyond the Sea,Ava Mitchell,2014,German,Moonstone Media,4682756704,DBS1400357
The Hidden Archive,Lena Morris,2011,English,Harbour House Books,7988774924,DBS1100358
The Forgotten Archive in the Rain,Amelia Hart,2011,English,Silver Oak Press,2842222310,DBS1100359
The Glass City of Lost Stories,Nina Patel,2025,English,Blue River Publishing,5782841067,DBS2500360
The Shadow Dream Before Midnight,Ava Mitchell,2023,English,Blue River Publishing,9297517028,DBS2300361
The Hidden Tower,Lena Morris,2008,English,Harbour House Books,8343018718,DBS0800362
The Starlit Dream,Amelia Hart,2017,French,Blue River Publishing,6565045547,DBS1700363
The Silent Garden,Kai Wilson,2024,Spanish,Northstar Books,6629912347,DBS2400364
The Ancient Dream for a New World,Amelia Hart,2025,English,Starlight Books,8792326487,DBS2500365
The Infinite Galaxy of Memory,Maya Collins,2004,Spanish,Dreamlight Press,7146273014,DBS0400366
The Silent Lantern,Nina Patel,2019,German,Harbour House Books,1589042902,DBS1900367
The Broken River in the Rain,Hugo Martin,2015,Tamil,Dreamlight Press,1832192855,DBS1500368
The Infinite Compass,Noah Bennett,2024,English,Aurora Editions,,DBS2400369
The Lost Machine at Dawn,Noah Bennett,2019,English,Northstar Books,9888167112,DBS1900370
The Starlit River of Lost Stories,Sofia Reed,2025,Sinhala,Moonstone Media,2401322342,DBS2500371
The Silent Promise,Amelia Hart,2012,Spanish,Crimson Leaf Press,,DBS1200372
The Ancient Galaxy Beyond the Sea,Amelia Hart,2008,English,Dreamlight Press,,DBS0800373
The Iron Garden,Priya Shah,2009,English,Dreamlight Press,4955289389,DBS0900374
The Glass Kingdom Before Midnight,Ethan Clarke,2006,Italian,Moonstone Media,1387592712,DBS0600375
The Electric Promise of the North,Samira Khan,2024,English,Silver Oak Press,7548015716,DBS2400376
The Iron Empire,Maya Collins,2014,English,Vertex Press,1752071678,DBS1400377
The Silent Chronicle under the Stars,Kai Wilson,2022,Spanish,Starlight Books,5353961367,DBS2200378
The Glass Galaxy of the Deep,Lena Morris,2014,French,Maple Gate Publishing,8427114773,DBS1400379
The Broken Kingdom of Tomorrow,Ava Mitchell,2021,English,Northstar Books,5249911877,DBS2100380
The Starlit Machine of Memory,Jasper Cole,2012,English,Maple Gate Publishing,,DBS1200381
The Golden Tower under the Stars,Amelia Hart,2018,English,Harbour House Books,2762467197,DBS1800382
The Burning Galaxy of Memory,Ava Mitchell,2022,English,Silver Oak Press,9545009025,DBS2200383
The Glass Kingdom,Lena Morris,2016,English,Vertex Press,0333491141,DBS1600384
The Hidden Mirror and Other Tales,Sofia Reed,2016,English,Silver Oak Press,,DBS1600385
The Hidden Dream under the Stars,Noah Bennett,2019,English,Greenfield Publishing,7852945637,DBS1900386
The Silent Mirror in the Rain : Volume 4,Theo Adams,2021,English,Maple Gate Publishing,9195419876,DBS2100387
The Silent Empire in the Rain,Nina Patel,2012,English,Blue River Publishing,7820829737,DBS1200388
The Burning Lantern,Ravi Perera,2014,French,Dreamlight Press,7232466513,DBS1400389
The Forgotten Empire,Elena Rossi,2024,English,Dreamlight Press,3477866032,DBS2400390
The Hidden Compass,Nina Patel,2014,English,Dreamlight Press,0015941651,DBS1400391
The Broken Archive Before Midnight,Noah Bennett,2017,French,Moonstone Media,8471391559,DBS1700392
The Crimson Promise Beyond the Sea,Kai Wilson,2023,English,Northstar Books,7851586734,DBS2300393
The Broken River of Lost Stories,Amelia Hart,2024,Sinhala,Harbour House Books,0348645183,DBS2400394
The Electric Kingdom,Kai Wilson,2024,English,Dreamlight Press,3432756041,DBS2400395
The Starlit Machine,Lena Morris,2024,English,Starlight Books,,DBS2400396
The Forgotten Forest under the Stars,Theo Adams,2010,French,Silver Oak Press,,DBS1000397
The Midnight Horizon,Oliver Grant,2005,English,Blue River Publishing,,DBS0500398
The Ancient City,Theo Adams,2010,English,Silver Oak Press,4295431652,DBS1000399
The Electric Galaxy of Tomorrow,Hugo Martin,2017,English,Starlight Books,3420696942,DBS1700400
The Lost Signal,Leo Walker,2007,English,Starlight Books,7133344762,DBS0700401
The Secret Lantern in the Rain,Maya Collins,2018,English,Crimson Leaf Press,,DBS1800402
The Crimson Lantern of the North,Priya Shah,2025,English,Dreamlight Press,5636694118,DBS2500403
The Emerald Archive of Lost Stories,Anika Fernando,2005,Sinhala,Moonstone Media,0048964652,DBS0500404
The Burning Library,Ava Mitchell,2025,Tamil,Starlight Books,5862415027,DBS2500405
The Forgotten River,Mila Foster,2024,English,Crimson Leaf Press,5625728703,DBS2400406
The Crimson Signal in the Rain,Lucas Turner,2010,English,Starlight Books,7587771215,DBS1000407
The Infinite Signal,Isla Morgan,2007,English,Harbour House Books,0892613715,DBS0700408
The Golden Tower Beyond the Sea,Noah Bennett,2002,English,Aurora Editions,7490509759,DBS0200409
The Last Empire of Tomorrow,Nina Patel,2009,English,Dreamlight Press,3610326642,DBS0900410
The Starlit Promise,Mila Foster,2008,English,Blue River Publishing,,DBS0800411
The Secret Machine under the Stars,Nina Patel,2016,English,Crimson Leaf Press,9266108573,DBS1600412
The Broken Machine of the Deep,Ethan Clarke,2022,English,Starlight Books,2243864908,DBS2200413
The Last Forest under the Stars,Lucas Turner,2006,French,Aurora Editions,9180172260,DBS0600414
The Infinite Dream,Priya Shah,2006,English,Northstar Books,2321941680,DBS0600415
The Golden Kingdom and Other Tales,Oliver Grant,2000,French,Greenfield Publishing,4995641220,DBS0000416
The Hidden Garden,Hugo Martin,2011,English,Silver Oak Press,8314727601,DBS1100417
The Broken Horizon,Jasper Cole,2010,English,Northstar Books,6050166799,DBS1000418
The Infinite Library and Other Tales,Chloe Evans,2023,Tamil,Starlight Books,3080695814,DBS2300419
The Winter Machine for a New World,Lena Morris,2024,French,Dreamlight Press,3757383959,DBS2400420
The Shadow City,Oliver Grant,2024,English,Maple Gate Publishing,5729341722,DBS2400421
The Iron Machine under the Stars,Ava Mitchell,2012,English,Moonstone Media,5452280156,DBS1200422
The Crimson Chronicle,Kai Wilson,2008,Spanish,Crimson Leaf Press,8428910771,DBS0800423
The Iron Lantern,Isla Morgan,2025,English,Dreamlight Press,3524787125,DBS2500424
The Broken Chronicle,Sofia Reed,2016,Spanish,Northstar Books,5482145653,DBS1600425
The Ancient Promise,Sofia Reed,2010,Italian,Starlight Books,8507208115,DBS1000426
The Midnight Promise of Tomorrow,Hugo Martin,2015,Italian,Dreamlight Press,8466845504,DBS1500427
The Iron City,Maya Collins,2025,English,Crimson Leaf Press,5634108562,DBS2500428
The Burning Empire of Memory,Daniel Brooks,2020,Spanish,Northstar Books,,DBS2000429
The Glass Compass in the Rain,Kai Wilson,2023,English,Dreamlight Press,8510174907,DBS2300430
The Crimson Galaxy,Elena Rossi,2016,English,Moonstone Media,4926831589,DBS1600431
The Lost Horizon Before Midnight,Oliver Grant,2011,English,Silver Oak Press,3715869886,DBS1100432
The Glass Machine,Priya Shah,2024,Tamil,Greenfield Publishing,2282772881,DBS2400433
The Shadow Machine at Dawn,Lena Morris,2022,Tamil,Harbour House Books,1594082154,DBS2200434
The Infinite Empire at Dawn,Marcus Lee,2025,English,Starlight Books,3270185106,DBS2500435
The Infinite Galaxy of Lost Stories,Lucas Turner,2019,French,Harbour House Books,8777251996,DBS1900436
The Electric Dream of the Deep,Chloe Evans,2017,English,Aurora Editions,9481813989,DBS1700437
The Glass Forest and Other Tales,Amelia Hart,2023,French,Moonstone Media,4339718956,DBS2300438
The Starlit Kingdom at Dawn,Jasper Cole,2021,English,Northstar Books,,DBS2100439
The Midnight Empire in the Rain,Noah Bennett,2007,Tamil,Greenfield Publishing,,DBS0700440
The Midnight Kingdom,Noah Bennett,2025,English,Starlight Books,1033993788,DBS2500441
The Golden Compass and Other Tales,Amelia Hart,2017,English,Harbour House Books,0489138249,DBS1700442
The Silent Forest at Dawn,Kai Wilson,2017,Spanish,Moonstone Media,8700794200,DBS1700443
The Starlit Compass,Lena Morris,2025,English,Harbour House Books,8402891416,DBS2500444
The Broken Mirror,Maya Collins,2022,English,Crimson Leaf Press,5474355379,DBS2200445
The Broken Kingdom : Volume 1,Priya Shah,2015,English,Starlight Books,6811807156,DBS1500446
The Lost Tower Before Midnight,Noah Bennett,2024,English,Northstar Books,,DBS2400447
The Forgotten River for a New World,Theo Adams,2023,English,Vertex Press,0479303614,DBS2300448
The Starlit Signal,Nina Patel,2020,French,Moonstone Media,,DBS2000449
The Silent City for a New World,Mila Foster,2009,French,Northstar Books,0894870605,DBS0900450
The Winter Compass of Memory,Lena Morris,2018,Spanish,Starlight Books,4687506351,DBS1800451
The Hidden Archive,Amelia Hart,2024,English,Northstar Books,1076095431,DBS2400452
The Emerald Library,Maya Collins,2019,English,Moonstone Media,1791100651,DBS1900453
The Last Horizon for a New World,Amelia Hart,2023,French,Moonstone Media,6619639907,DBS2300454
The Winter Lantern,Ravi Perera,2017,Spanish,Silver Oak Press,3110919392,DBS1700455
The Forgotten River Before Midnight,Maya Collins,2021,English,Dreamlight Press,9685498227,DBS2100456
The Emerald Empire of Tomorrow,Hugo Martin,2015,English,Northstar Books,8065333153,DBS1500457
The Shadow Lantern,Nina Patel,2022,English,Blue River Publishing,1707303379,DBS2200458
The Starlit Dream,Oliver Grant,2012,German,Dreamlight Press,,DBS1200459
The Burning Chronicle and Other Tales,Marcus Lee,2016,Spanish,Dreamlight Press,,DBS1600460
The Midnight Archive,Lena Morris,2011,English,Northstar Books,,DBS1100461
The Golden Kingdom,Hugo Martin,2024,Italian,Blue River Publishing,7355289611,DBS2400462
The Broken Garden under the Stars,Ethan Clarke,2010,English,Harbour House Books,9938425304,DBS1000463
The Ancient Galaxy,Amelia Hart,2024,English,Harbour House Books,,DBS2400464
The Ancient River and Other Tales,Leo Walker,2019,English,Silver Oak Press,7496903337,DBS1900465
The Electric Garden under the Stars,Ravi Perera,2024,English,Moonstone Media,1478539078,DBS2400466
The Winter Horizon under the Stars,Ava Mitchell,2021,English,Dreamlight Press,4151488814,DBS2100467
The Golden Chronicle of Tomorrow,Lena Morris,2025,French,Northstar Books,4392840445,DBS2500468
The Electric Tower,Amelia Hart,2023,French,Vertex Press,6333738987,DBS2300469
The Shadow Dream,Maya Collins,2023,Spanish,Greenfield Publishing,7805292407,DBS2300470
The Lost Dream under the Stars,Oliver Grant,2024,Spanish,Moonstone Media,0902259999,DBS2400471
The Electric Garden : Volume 4,Maya Collins,2024,English,Moonstone Media,4121820970,DBS2400472
The Silent Tower of the North,Daniel Brooks,2011,English,Blue River Publishing,,DBS1100473
The Winter Tower Beyond the Sea,Sofia Reed,2015,Spanish,Blue River Publishing,3234672994,DBS1500474
The Ancient Horizon of Tomorrow,Sofia Reed,2021,German,Harbour House Books,5977790147,DBS2100475
The Infinite Tower,Noah Bennett,2016,English,Starlight Books,7629160324,DBS1600476
The Burning Empire : Volume 2,Ravi Perera,2024,English,Crimson Leaf Press,5118567243,DBS2400477
The Shadow Kingdom Before Midnight,Lucas Turner,2019,English,Blue River Publishing,0041257771,DBS1900478
The Crimson Horizon in the Rain,Noah Bennett,2006,English,Dreamlight Press,8621042752,DBS0600479
The Last Mirror Before Midnight : Volume 1,Oliver Grant,2012,English,Dreamlight Press,,DBS1200480
The Secret Archive of the North,Amelia Hart,2023,English,Dreamlight Press,1312206815,DBS2300481
The Secret Lantern of Memory,Sofia Reed,2015,English,Dreamlight Press,0650637314,DBS1500482
The Lost Library of the North,Samira Khan,2022,English,Vertex Press,9241956252,DBS2200483
The Emerald Machine of Tomorrow,Marcus Lee,2021,English,Harbour House Books,9030914363,DBS2100484
The Last City in the Rain,Lena Morris,2021,English,Northstar Books,7524508640,DBS2100485
The Emerald Dream of Memory : Volume 2,Theo Adams,2013,French,Northstar Books,8527017130,DBS1300486
The Broken Garden at Dawn,Isla Morgan,2021,Tamil,Northstar Books,,DBS2100487
The Infinite Signal,Noah Bennett,2023,English,Northstar Books,3471566277,DBS2300488
The Iron Promise,Theo Adams,2018,English,Blue River Publishing,4982824674,DBS1800489
The Electric Mirror : Volume 2,Leo Walker,2018,English,Starlight Books,,DBS1800490
The Lost Machine under the Stars,Kai Wilson,2024,English,Silver Oak Press,9160169236,DBS2400491
The Lost Forest,Lena Morris,2025,English,Blue River Publishing,3370502497,DBS2500492
The Broken Compass for a New World,Isla Morgan,2025,English,Crimson Leaf Press,6691836264,DBS2500493
The Ancient Mirror,Ethan Clarke,2022,English,Starlight Books,1195243640,DBS2200494
The Starlit Kingdom Before Midnight,Sofia Reed,2025,English,Silver Oak Press,2237281793,DBS2500495
The Last Signal,Kai Wilson,2011,German,Silver Oak Press,1214161415,DBS1100496
The Crimson Machine Beyond the Sea : Volume 3,Chloe Evans,2003,English,Moonstone Media,1380698477,DBS0300497
The Iron Promise of the Deep,Kai Wilson,2023,Spanish,Maple Gate Publishing,6905510762,DBS2300498
The Golden Forest Before Midnight,Maya Collins,2002,English,Greenfield Publishing,8630505057,DBS0200499
The Starlit Tower,Lena Morris,2013,Tamil,Maple Gate Publishing,1649328980,DBS1300500
